store_id,avg_processing_time
1,2.045774647887324
2,1.9725220804710502
3,1.9225352112676057
