store_name,avg_order_value
Baldwin Bikes,1632.4730133020291
Rowlett Bikes,1665.1482602687165
Santa Cruz Bikes,1596.2455631212697
