store_id,Children_Bicycles,Comfort_Bicycles
1,327759.39000000176,435944.60000000196
2,327759.39000000176,435944.60000000196
3,327759.39000000176,435944.60000000196
