store,total_revenue
Baldwin Bikes,1590598.8804999979
Rowlett Bikes,271286.1376
Santa Cruz Bikes,565493.509500001
