store_id,active,total_sales
1,1,1605823.0364999971
2,1,5215751.2775000045
3,1,867542.2436000005
