staff_id,first_name,last_name,total_sales,sales_rank
6,Marcelene,Boyer,2624120.652999998,1
7,Venita,Daniel,2591630.624499994,2
3,Genna,Serrano,853287.3589000017,3
2,Mireya,Copeland,752535.6776000012,4
8,Kali,Vargas,463918.3046000002,5
9,Layla,Terrell,403623.9390000005,6
