staff_id,staff_name,average_order_value
2,Mireya Copeland,1628.8651030303056
3,Genna Serrano,1568.542939154415
6,Marcelene Boyer,1624.8425095975224
7,Venita Daniel,1640.2725471518947
8,Kali Vargas,1724.6033628252803
9,Layla Terrell,1601.6822976190495
