brand_name,total_sales
Electra,1205320.8196000042
Haro,185384.55370000016
Heller,171459.07570000013
Pure Cycles,149476.34000000032
Ritchey,78898.94799999996
Strider,4320.4789
Sun Bicycles,341994.92750000086
Surly,949507.0633000016
Trek,4602754.3508999925
