staff_id,first_name,last_name,total_sales,sales_rank
6,Marcelene,Boyer,2938888.7300000275,1
7,Venita,Daniel,2887353.4800000163,2
3,Genna,Serrano,952722.2599999949,3
2,Mireya,Copeland,837423.649999996,4
8,Kali,Vargas,516695.1699999983,5
9,Layla,Terrell,445905.58999999904,6
