store_name,average_order_value
Baldwin Bikes,1823.3911017214234
Rowlett Bikes,1847.4509980806151
Santa Cruz Bikes,1779.3113916500938
