staff_id,staff_name,total_orders,total_sales,average_order_value,conversion_rate
2,Mireya Copeland,462,837351.8000000004,1812.4497835497843,0.09783989834815757
3,Genna Serrano,544,952635.4600000015,1751.1681250000026,0.11520542143159677
6,Marcelene Boyer,1615,2938626.9899999793,1819.5832755417828,0.34201609487505297
7,Venita Daniel,1580,2887107.5799999796,1827.2832784809998,0.3346039813638289
8,Kali Vargas,269,516652.8100000013,1920.642416356882,0.05696738670055061
9,Layla Terrell,252,445869.1600000006,1769.322063492066,0.053367217280813214
