store_name,total_revenue
Baldwin Bikes,5215751.277499983
Rowlett Bikes,867542.2436000013
Santa Cruz Bikes,1605823.0364999974
