staff_id,staff_name,total_sales,sales_rank
6,Marcelene Boyer,2938626.9899999793,1
7,Venita Daniel,2887107.5799999796,2
3,Genna Serrano,952635.4600000015,3
2,Mireya Copeland,837351.8000000004,4
8,Kali Vargas,516652.8100000013,5
9,Layla Terrell,445869.1600000006,6
