store_id,total_inventory_value
1,6487242.160000004
2,6473126.279999999
3,6859214.210000005
