state,total_orders,total_spent
NY,3195,5215751.277499997
CA,1006,1605823.0365000002
TX,521,867542.2436000016
