store_id,store_name,total_sales
2,Baldwin Bikes,5825734.569999948
1,Santa Cruz Bikes,1789987.2599999944
3,Rowlett Bikes,962521.9700000004
