state,total_customers,total_orders,total_revenue,avg_order_value
NY,1019,1093,5215751.277499997,1632.4730133020335
CA,284,348,1605823.0365000002,1596.2455631212724
TX,142,174,867542.2436000016,1665.148260268717
