category_name,total_orders,avg_discount,total_units_sold,total_revenue
Mountain Bikes,1183,0.10503803888419128,1755,2715079.533699997
Road Bikes,374,0.10556149732620344,559,1665098.487999998
Cruisers Bicycles,1378,0.10436139332365597,2063,995032.6237000015
Electric Bikes,212,0.10514150943396237,315,916684.7800000007
Cyclocross Bicycles,256,0.11132812500000015,394,711011.8359000003
Comfort Bicycles,537,0.10214152700186245,813,394020.09810000093
Children Bicycles,782,0.10790281329923235,1179,292189.1982000012
